{"autoplayTransitionDelay":5,"author":"","timestamp":"2018-28-8 21:11:8","loopSlideshow":0,"filename":"‎⁨פקמן הגדרות⁩","autoplayBuildDelay":2,"comment":"","title":"‎⁨פקמן הגדרות⁩","showMode":0,"creator":"Apple Keynote 8.2","slideList":["E533994C-0884-43EB-B707-DC4999B63922","633FAC5E-7D4E-4C23-BE9C-326681D97D75","F797BA3B-58CB-4833-BDB8-618635DEECE3","49BDAC68-32C6-427F-8F1B-383F33379B92","C912649A-F10A-4EFD-B177-44F7AF7E3B02","DAD6A2CC-7CF1-4C3D-BF9D-131F84C06D78","7C508276-6112-4A7D-93B5-B5538185D7B1","22681911-FA47-4D62-BA2B-40D411E30567"],"soundtrack":{"mode":0,"volume":1},"slideWidth":1920,"slideHeight":1080,"slideCount":8,"majorVersion":1,"minorVersion":2,"fonts":["HelveticaNeue-Light","HelveticaNeue-Bold","Arial-ItalicMT","HelveticaNeue-MediumItalic","Helvetica","Phosphate-Inline","8BITWONDERNominal","ArialMT","GillSans","Futura-Bold","GB18030Bitmap","HelveticaNeue-Medium","HelveticaNeue"]}